company,contact_name,contact_title,prospect_email,business_focus,subject,body,status,gmail_status,processed_at,error_message
Cherthala Tech Park HR,Amit,HR Manager,sts261261@gmail.com,"ONAM VEG Restaurant (Cherthala): Authentic, 100% hygienic vegetarian bulk catering, office lunch boxes, and event dining for corporate teams.",Partnering for Nourishing Success at Cherthala Tech Park,"Hi Amit,

I hope this message finds you well. I noticed that the recent recruitment drive at Infopark Cherthala drew an impressive crowd, underscoring the park's dynamic growth. As your team expands, I'd love to support you by providing wholesome, hygienic culinary options from Onam Veg Restaurant for your corporate dining needs. Our authentic vegetarian offerings are perfect for office lunches and event catering, ensuring your team is well-fed with quality meals.

Could we schedule a quick tasting session to explore how we can enhance your dining experience? Looking forward to the possibility of collaborating.

Warm regards,

[Your Full Name]
[Your Position]
Onam Veg Restaurant
[Your Contact Information]",success,Sent,2026-07-21T21:05:06.746983,
Kerala Travel Co.,Rahul,Operations Manager,sts261261@gmail.com,MYBAE Stay Inn: 8-room boutique stay in Alappuzha (Kalavoor) near Kreupasanam Marine Shrine. 2 family rooms (3 pax) and 6 deluxe rooms (2 pax). Ideal for small corporate offsites or family retreats.,Exploring Partnership Opportunities with MYBAE Stay Inn,"Hi Rahul,

Congratulations to Kerala for featuring in the 2026 global travel listings and earning a wellness tourism award! Such recognition reaffirms its allure and potential.

I'd love to introduce you to MYBAE Stay Inn, our intimate 8-room boutique retreat in Alappuzha, perfect for corporate offsites and family getaways. Located near Kreupasanam Marine Shrine, our space promises tranquility and personalized experiences in sync with Kerala's wellness charm.

Could we explore how we might collaborate to enhance Kerala Travel Co.’s offerings with tailored bookings at MYBAE? A quick chat could uncover some exciting synergies.

Warm regards,

[Your Full Name]  
[Your Position]  
MYBAE Stay Inn  
[Your Contact Information]",success,Sent,2026-07-21T21:05:07.011177,
Spice & Gourmet Distributors,Priya,Procurement Head,sts261261@gmail.com,"Authentic Homemade Kerala Pickles (Prawn, Fish, Mango, Lemon, Ginger) in premium glass jars (150g to 1kg). Hygienic, traditional recipes, perfect for retail shelves or corporate gifting.",Crafted for Kerala’s Tastes: Partnership Invitation,"Hi Priya,

I hope this message finds you well. With the vibrant spice trade in Kerala shaping taste palettes worldwide, I believe in potential synergy between Spice & Gourmet Distributors and our Authentic Homemade Kerala Pickles range. Our offerings, from Prawn to Ginger, are lovingly crafted in hygienic conditions and presented in premium jars perfect for your retail clientele or as thoughtful corporate gifts.

Would you be open to a quick discussion or perhaps a tasting session to explore a partnership opportunity? I’d be delighted to share our pickle catalog with you.

Warm regards,

[Your Name]
[Your Position]
[Your Company]
[Contact Information]",success,Sent,2026-07-21T21:05:14.658171,
