company,contact_name,contact_title,prospect_email,subject,body,status,gmail_status,processed_at,error_message
Vercel,Guillermo Rauch,CEO,sts261261@gmail.com,Boost Your Team’s Efficiency with AI Automation,"Hi Guillermo,

Congrats on the launch of Eve. Vercel's innovation is impressive! 

I noticed that while Eve streamlines AI development, operations teams could still wrestle with manual workflows. Our AI automation solution fits right in, saving teams up to 20 hours a week. It's seamless—set it up with a few clicks and enjoy instant efficiency gains.

Want to discuss how quick-win automations can further enhance Vercel’s operational agility? Let me know a time that suits you for a brief chat.

Best,
[Your Name]
[Your Company]
[Your Contact Information]",success,Sent,2026-07-21T20:38:35.283707,
Notion,Ivan Zhao,CEO,sts261261@gmail.com,Unlock 20 Extra Hours/Week for Your Ops Team,"Hi Ivan,

Notion's impressive leap to an $11 billion valuation, largely backed by your AI advancements, is turning heads. With growth never slowing, adding an extra 20 hours to your operations team's week through AI-powered automation workflows could be invaluable.

I'd love to show you how our seamless solutions align with Notion's pace and ambition, keeping efficiency as its driving force. Interested in a quick 10-minute chat to explore this?

Best,
[Your Name]
[Your Company]
[Your Phone Number]",success,Sent,2026-07-21T20:38:35.982951,
Stripe,Patrick Collison,CEO,sts261261@gmail.com,Streamline 2024: Save 20 Hours Weekly for Your Ops Team,"Hi Patrick,

Stripe's remarkable leap—25% up in payment volumes to over $1 trillion—shows your relentless pursuit of software-driven innovation.

To keep pace, consider a fresh edge: AI automation workflows designed for operations teams. Our solution trims 20 hours off their weekly tasks, freeing up time for strategic initiatives and innovation.

Do you have 15 minutes next week for a quick chat about optimizing your team's efficiency in 2024?

Best,

[Your Name]
[Your Company]
[Your Contact Information]",success,Sent,2026-07-21T20:38:36.987129,
